fold,test_groups,n_days,mse,mae,qlike,r_squared,date_start,date_end
1,"(0, 1, 2, 3, 4)",293,4.216108026003856e-07,0.0003868202283875601,-6.5216213805913945,0.8502595266197599,2024-01-01,2024-10-19
2,"(0, 1, 2, 3, 5)",293,4.439222249329137e-07,0.0003883955090939364,-6.490086812610032,0.8527744892032805,2024-01-01,2024-12-16
3,"(0, 1, 2, 3, 6)",294,4.4610505335199583e-07,0.000386465475635617,-6.441215023860708,0.8442831583736168,2024-01-01,2025-02-13
4,"(0, 1, 2, 3, 7)",293,5.369243717683771e-07,0.0004061180570719211,-6.4495038374664375,0.8246994876050854,2024-01-01,2025-04-12
5,"(0, 1, 2, 3, 8)",294,4.196819254350254e-07,0.00039740775348401754,-6.557400221355753,0.848887683072977,2024-01-01,2025-06-10
6,"(0, 1, 2, 3, 9)",293,4.2449788823426394e-07,0.0004068088903884814,-6.57571693046373,0.8588616334655057,2024-01-01,2025-08-07
7,"(0, 1, 2, 4, 5)",294,3.1581053090948176e-07,0.00038915226593880595,-6.508050792609442,0.7553839760510179,2024-01-01,2024-12-16
8,"(0, 1, 2, 4, 6)",296,3.1359253633487567e-07,0.0003836161458605511,-6.470184322942259,0.7414357188195703,2024-01-01,2025-02-13
9,"(0, 1, 2, 4, 7)",295,3.958047824820196e-07,0.0003998638962668516,-6.479299342888691,0.7331333834138778,2024-01-01,2025-04-12
10,"(0, 1, 2, 4, 8)",296,3.0807060793605887e-07,0.000410295944938426,-6.574040831745979,0.724304822432013,2024-01-01,2025-06-10
11,"(0, 1, 2, 4, 9)",295,3.1502039819186454e-07,0.0004215618624260136,-6.5897845556555765,0.7430515031739768,2024-01-01,2025-08-07
12,"(0, 1, 2, 5, 6)",294,3.3189108810709505e-07,0.00038197290547900754,-6.49737331316214,0.7821665228629574,2024-01-01,2025-02-13
13,"(0, 1, 2, 5, 7)",294,4.1881285606906554e-07,0.0004014715670078999,-6.474093903000638,0.7550481426799884,2024-01-01,2025-04-12
14,"(0, 1, 2, 5, 8)",295,3.1730287394039764e-07,0.00040186503324674385,-6.573020572278733,0.7620264769253821,2024-01-01,2025-06-10
15,"(0, 1, 2, 5, 9)",294,3.231388038819802e-07,0.0004122445287047327,-6.589374569930244,0.7790852831037821,2024-01-01,2025-08-07
16,"(0, 1, 2, 6, 7)",294,4.2282770355843036e-07,0.00040151339555494545,-6.428282017631589,0.7480667153604295,2024-01-01,2025-04-12
17,"(0, 1, 2, 6, 8)",296,3.146069156015682e-07,0.0003952157495020486,-6.538475250655554,0.7506371812938473,2024-01-01,2025-06-10
18,"(0, 1, 2, 6, 9)",295,3.199033186800739e-07,0.0004049429443374898,-6.5562943399187485,0.7651402887029228,2024-01-01,2025-08-07
19,"(0, 1, 2, 7, 8)",294,3.9509056064414483e-07,0.0004104922466704086,-6.542918314952733,0.7493251961579205,2024-01-01,2025-06-10
20,"(0, 1, 2, 7, 9)",294,3.9843127031283955e-07,0.00041936300912646924,-6.558748642145837,0.7558798410994102,2024-01-01,2025-08-07
21,"(0, 1, 2, 8, 9)",294,3.262936919513727e-07,0.00044062389415183614,-6.6372441830128075,0.7598411129769943,2024-01-01,2025-08-07
22,"(0, 1, 3, 4, 5)",293,4.3486948452191265e-07,0.0003830897083281702,-6.48078811237787,0.8516056009983943,2024-01-01,2024-12-16
23,"(0, 1, 3, 4, 6)",295,4.354153553143073e-07,0.0003806764939406745,-6.435260872170099,0.8420894311238983,2024-01-01,2025-02-13
24,"(0, 1, 3, 4, 7)",294,5.263402243856716e-07,0.0004005522881921868,-6.4475956881111,0.8219586834261499,2024-01-01,2025-04-12
25,"(0, 1, 3, 4, 8)",295,4.081087470120164e-07,0.0003900289538316252,-6.5563231220915394,0.845360084129809,2024-01-01,2025-06-10
26,"(0, 1, 3, 4, 9)",294,4.127544030566105e-07,0.0003990978266371965,-6.575398035139978,0.8551039922518869,2024-01-01,2025-08-07
27,"(0, 1, 3, 5, 6)",294,4.638588563599929e-07,0.0003856272730935968,-6.435755373823574,0.8531055320124099,2024-01-01,2025-02-13
28,"(0, 1, 3, 5, 7)",294,5.590094898932542e-07,0.00040833479983725914,-6.409346531780996,0.8244293794672075,2024-01-01,2025-04-12
29,"(0, 1, 3, 5, 8)",295,4.269872707348357e-07,0.00038897726369330096,-6.527722234373551,0.8497235819715634,2024-01-01,2025-06-10
30,"(0, 1, 3, 5, 9)",294,4.304768902597723e-07,0.0003968815922855,-6.547869699771167,0.8582949280996324,2024-01-01,2025-08-07
31,"(0, 1, 3, 6, 7)",294,5.666832277901048e-07,0.00041227628530179276,-6.347076842869815,0.8197270347980344,2024-01-01,2025-04-12
32,"(0, 1, 3, 6, 8)",296,4.279132243413493e-07,0.0003856598398713846,-6.481003016723376,0.8419381415903322,2024-01-01,2025-06-10
33,"(0, 1, 3, 6, 9)",295,4.308650008752722e-07,0.0003929787576306237,-6.503250283662362,0.8495778816940498,2024-01-01,2025-08-07
34,"(0, 1, 3, 7, 8)",294,5.1727995525498e-07,0.0004044256921038648,-6.4923035016019,0.8263185204334302,2024-01-01,2025-06-10
35,"(0, 1, 3, 7, 9)",294,5.177318212191041e-07,0.0004105390834690663,-6.511912976626227,0.830101453535664,2024-01-01,2025-08-07
36,"(0, 1, 3, 8, 9)",294,4.1620349621008816e-07,0.00041434942214946594,-6.603514037275197,0.8559679959881236,2024-01-01,2025-08-07
37,"(0, 1, 4, 5, 6)",294,3.1994817082436395e-07,0.00037422167299787276,-6.4570979454411725,0.7819680638318091,2024-01-01,2025-02-13
38,"(0, 1, 4, 5, 7)",294,4.073985675851005e-07,0.0003942135660116858,-6.432018711365547,0.7531721560074307,2024-01-01,2025-04-12
39,"(0, 1, 4, 5, 8)",295,3.0435152464920233e-07,0.00039238942007040347,-6.53948614703824,0.7603510745933131,2024-01-01,2025-06-10
40,"(0, 1, 4, 5, 9)",294,3.1002990603065566e-07,0.0004025177697771832,-6.556687800889763,0.7770327203331826,2024-01-01,2025-08-07
41,"(0, 1, 4, 6, 7)",295,4.0981932276752083e-07,0.00039377208414841813,-6.3824722181488935,0.7450218685609379,2024-01-01,2025-04-12
42,"(0, 1, 4, 6, 8)",297,3.0099435120264824e-07,0.00038578354045997376,-6.502952474749029,0.7468962896035337,2024-01-01,2025-06-10
43,"(0, 1, 4, 6, 9)",296,3.0616704400967096e-07,0.00039530736774084533,-6.5216617014574645,0.7607398474815289,2024-01-01,2025-08-07
44,"(0, 1, 4, 7, 8)",295,3.8134666643968976e-07,0.0004010782636051943,-6.513769361521223,0.7439132509052809,2024-01-01,2025-06-10
45,"(0, 1, 4, 7, 9)",295,3.846062652338311e-07,0.0004096560857652828,-6.530475474072787,0.7501746583852377,2024-01-01,2025-08-07
46,"(0, 1, 4, 8, 9)",295,3.119498379359672e-07,0.00043054235885221776,-6.613173691635929,0.7507897118244746,2024-01-01,2025-08-07
47,"(0, 1, 5, 6, 7)",293,4.3861448595156353e-07,0.0003984451913157848,-6.426404456053258,0.7726910355485397,2024-01-01,2025-04-12
48,"(0, 1, 5, 6, 8)",295,3.1562870763037203e-07,0.0003812677924962877,-6.541549778278428,0.7905556713434763,2024-01-01,2025-06-10
49,"(0, 1, 5, 6, 9)",294,3.196523458844499e-07,0.00038960245624040333,-6.561037965413403,0.804096964098435,2024-01-01,2025-08-07
50,"(0, 1, 5, 7, 8)",294,4.008798526172843e-07,0.0003999758765430301,-6.522400140969973,0.7674116395835586,2024-01-01,2025-06-10
51,"(0, 1, 5, 7, 9)",294,4.028370715758667e-07,0.00040719222956934456,-6.539868040373949,0.7734757528760063,2024-01-01,2025-08-07
52,"(0, 1, 5, 8, 9)",294,3.166233562450314e-07,0.00041933452822989607,-6.623273332583474,0.7898411467228462,2024-01-01,2025-08-07
53,"(0, 1, 6, 7, 8)",294,4.0372204707214696e-07,0.00039880793272156604,-6.470601333783985,0.7597591580798817,2024-01-01,2025-06-10
54,"(0, 1, 6, 7, 9)",294,4.0518470621673324e-07,0.00040550944377655643,-6.489657240887534,0.7654134772308406,2024-01-01,2025-08-07
55,"(0, 1, 6, 8, 9)",295,3.1218005865053727e-07,0.0004110720812976362,-6.58504787794338,0.7746842044382566,2024-01-01,2025-08-07
56,"(0, 1, 7, 8, 9)",293,3.8906761799343705e-07,0.0004247237204025636,-6.596547154191472,0.7723353151774438,2024-01-01,2025-08-07
57,"(0, 2, 3, 4, 5)",294,3.3688820919837327e-07,0.00039123955125294844,-6.534589199048176,0.8116358632044495,2024-01-01,2024-12-16
58,"(0, 2, 3, 4, 6)",296,3.3279260510232045e-07,0.00038416507171100297,-6.499344999638796,0.8016129858380565,2024-01-01,2025-02-13
59,"(0, 2, 3, 4, 7)",295,4.110803327105181e-07,0.0003986915989610605,-6.506826562510012,0.7825574465932976,2024-01-01,2025-04-12
60,"(0, 2, 3, 4, 8)",296,3.381574518628803e-07,0.00041802710709930047,-6.597520430865751,0.7911828835131207,2024-01-01,2025-06-10
61,"(0, 2, 3, 4, 9)",295,3.465115028734216e-07,0.0004299937997446223,-6.612088942839852,0.8050954070071837,2024-01-01,2025-08-07
62,"(0, 2, 3, 5, 6)",295,3.462285130033768e-07,0.0003791909264306182,-6.49941458289381,0.8225475824098815,2024-01-01,2025-02-13
63,"(0, 2, 3, 5, 7)",295,4.288890149776483e-07,0.00039696603765030866,-6.475824226734337,0.7909442168669637,2024-01-01,2025-04-12
64,"(0, 2, 3, 5, 8)",296,3.4261247693811006e-07,0.0004075148042078323,-6.573659448063938,0.8043900116032036,2024-01-01,2025-06-10
65,"(0, 2, 3, 5, 9)",295,3.4985855927914436e-07,0.00041881744608908146,-6.588961937650722,0.8165403212158933,2024-01-01,2025-08-07
66,"(0, 2, 3, 6, 7)",295,4.311500382509243e-07,0.00039547143183748607,-6.4265053402116425,0.7871256039608839,2024-01-01,2025-04-12
67,"(0, 2, 3, 6, 8)",297,3.379376733034898e-07,0.00039929178796616136,-6.536528984971744,0.797306008524888,2024-01-01,2025-06-10
68,"(0, 2, 3, 6, 9)",296,3.4463851330024237e-07,0.0004100445232805918,-6.5532475228396665,0.8079029820097465,2024-01-01,2025-08-07
69,"(0, 2, 3, 7, 8)",295,4.1409222649990937e-07,0.0004127719731588215,-6.543402007007016,0.7850029223939081,2024-01-01,2025-06-10
70,"(0, 2, 3, 7, 9)",295,4.1889662384044515e-07,0.00042282748039751996,-6.55841403966632,0.7896236674898698,2024-01-01,2025-08-07
71,"(0, 2, 3, 8, 9)",295,3.6191636880844224e-07,0.0004520660040344972,-6.635604279405211,0.8018428165085244,2024-01-01,2025-08-07
72,"(0, 2, 4, 5, 6)",296,2.35735094458556e-07,0.00038914362304353825,-6.516731576093829,0.65157460755033,2024-01-01,2025-02-13
73,"(0, 2, 4, 5, 7)",296,3.1081828650767333e-07,0.0004040147232054093,-6.494616962265257,0.6337117993039457,2024-01-01,2025-04-12
74,"(0, 2, 4, 5, 8)",297,2.53137429561803e-07,0.00043073026813605735,-6.582306062539347,0.5547941110818059,2024-01-01,2025-06-10
75,"(0, 2, 4, 5, 9)",296,2.625026020942857e-07,0.0004430571539555104,-6.595369393163135,0.5782334904157594,2024-01-01,2025-08-07
76,"(0, 2, 4, 6, 7)",297,3.0854224272387236e-07,0.0003989120749783956,-6.455916702278197,0.6336322956659257,2024-01-01,2025-04-12
77,"(0, 2, 4, 6, 8)",299,2.4516373157152345e-07,0.0004197662091489148,-6.553531768844511,0.564828479636159,2024-01-01,2025-06-10
78,"(0, 2, 4, 6, 9)",298,2.5403133273557015e-07,0.0004318372233907818,-6.567589987618331,0.5832394480841738,2024-01-01,2025-08-07
79,"(0, 2, 4, 7, 8)",297,3.121275657570543e-07,0.0004307558813318701,-6.560707394918535,0.5909106768794196,2024-01-01,2025-06-10
80,"(0, 2, 4, 7, 9)",297,3.1980229718584936e-07,0.00044248898526061685,-6.573344207712312,0.5992052074351074,2024-01-01,2025-08-07
81,"(0, 2, 4, 8, 9)",297,2.9148278691416863e-07,0.00048640427578794463,-6.642053839922793,0.4626783789875292,2024-01-01,2025-08-07
82,"(0, 2, 5, 6, 7)",295,3.2226562888415603e-07,0.00039364929260412993,-6.479396136820012,0.6865793503747544,2024-01-01,2025-04-12
83,"(0, 2, 5, 6, 8)",297,2.4468928814410033e-07,0.0004057970083327523,-6.576697204941062,0.6566464932602968,2024-01-01,2025-06-10
84,"(0, 2, 5, 6, 9)",296,2.5240883230363417e-07,0.00041730119516711464,-6.591565852536689,0.6757354344511541,2024-01-01,2025-08-07
85,"(0, 2, 5, 7, 8)",296,3.169869447238739e-07,0.00041999653706487175,-6.558302932275526,0.6467231154584845,2024-01-01,2025-06-10
86,"(0, 2, 5, 7, 9)",296,3.2332049091811854e-07,0.00043099597526456235,-6.571804370157648,0.654828760062875,2024-01-01,2025-08-07
87,"(0, 2, 5, 8, 9)",296,2.816976147886667e-07,0.00046702743642274285,-6.643208553487801,0.583644069197479,2024-01-01,2025-08-07
88,"(0, 2, 6, 7, 8)",296,3.140778222637088e-07,0.00041379331578776597,-6.522609418938756,0.6478456645093882,2024-01-01,2025-06-10
89,"(0, 2, 6, 7, 9)",296,3.198615636441999e-07,0.00042427365335385487,-6.537130541697553,0.6551110671777031,2024-01-01,2025-08-07
90,"(0, 2, 6, 8, 9)",297,2.7145359995828103e-07,0.0004541974846303587,-6.616836026400951,0.5914748148423051,2024-01-01,2025-08-07
91,"(0, 2, 7, 8, 9)",295,3.3507155660887786e-07,0.0004637634187310385,-6.61974297872561,0.6207215004598686,2024-01-01,2025-08-07
92,"(0, 3, 4, 5, 6)",294,3.3715790029082896e-07,0.00037320238006284534,-6.509262448422868,0.8272194090582908,2024-01-01,2025-02-13
93,"(0, 3, 4, 5, 7)",294,4.2076558829960764e-07,0.0003914512643733586,-6.485958333275327,0.7936341959881157,2024-01-01,2025-04-12
94,"(0, 3, 4, 5, 8)",295,3.3198316438032163e-07,0.0003995738169799295,-6.583045358396711,0.8108487442270508,2024-01-01,2025-06-10
95,"(0, 3, 4, 5, 9)",294,3.3902970561951087e-07,0.0004107638447856492,-6.598564518874706,0.8233812875187875,2024-01-01,2025-08-07
96,"(0, 3, 4, 6, 7)",295,4.2151324657915665e-07,0.00038943352584870644,-6.440610628951929,0.788352803852878,2024-01-01,2025-04-12
97,"(0, 3, 4, 6, 8)",297,3.2679383020182783e-07,0.0003915488525079831,-6.549412861235711,0.8008080388184603,2024-01-01,2025-06-10
98,"(0, 3, 4, 6, 9)",296,3.3333516748799557e-07,0.0004021609030039222,-6.566237990641298,0.8114833366868952,2024-01-01,2025-08-07
99,"(0, 3, 4, 7, 8)",295,4.0335282713320663e-07,0.00040521825468427133,-6.559801174228339,0.7868275167148828,2024-01-01,2025-06-10
100,"(0, 3, 4, 7, 9)",295,4.0802391300319615e-07,0.0004150514953770349,-6.574691274058336,0.791507486713062,2024-01-01,2025-08-07
101,"(0, 3, 4, 8, 9)",295,3.4947496999070926e-07,0.0004437733514159704,-6.6498063897991155,0.8066034573329792,2024-01-01,2025-08-07
102,"(0, 3, 5, 6, 7)",294,4.4549644415425177e-07,0.00039171692808674967,-6.440317078021804,0.8034806043200339,2024-01-01,2025-04-12
103,"(0, 3, 5, 6, 8)",296,3.36885512050241e-07,0.0003839617606504203,-6.551644024553289,0.8234220983742527,2024-01-01,2025-06-10
104,"(0, 3, 5, 6, 9)",295,3.422703380388479e-07,0.0003933976403214802,-6.569646587984567,0.8334189714652007,2024-01-01,2025-08-07
105,"(0, 3, 5, 7, 8)",295,4.1801646249246677e-07,0.0004010902194647481,-6.532295866073987,0.7955797372692426,2024-01-01,2025-06-10
106,"(0, 3, 5, 7, 9)",295,4.213624833098261e-07,0.00040963822365207595,-6.548594632216347,0.7999814346258189,2024-01-01,2025-08-07
107,"(0, 3, 5, 8, 9)",295,3.4975468746685706e-07,0.00043036552729251433,-6.6293358072659325,0.8189401050920639,2024-01-01,2025-08-07
108,"(0, 3, 6, 7, 8)",295,4.190479682555707e-07,0.00039850785274222377,-6.485918693452711,0.79160961424173,2024-01-01,2025-06-10
109,"(0, 3, 6, 7, 9)",295,4.218800446221755e-07,0.00040638987839576005,-6.503604645471519,0.7956713308286378,2024-01-01,2025-08-07
110,"(0, 3, 6, 8, 9)",296,3.432765431069672e-07,0.0004206021940554054,-6.595087872842372,0.809794200356209,2024-01-01,2025-08-07
111,"(0, 3, 7, 8, 9)",294,4.1609800177237014e-07,0.0004330694879560139,-6.603212599511264,0.7970781840940006,2024-01-01,2025-08-07
112,"(0, 4, 5, 6, 7)",294,3.108928675251383e-07,0.0003857192297441519,-6.463689840624559,0.6914462920675319,2024-01-01,2025-04-12
113,"(0, 4, 5, 6, 8)",296,2.3114242442377082e-07,0.00039589799062301453,-6.564478797640084,0.667749608486979,2024-01-01,2025-06-10
114,"(0, 4, 5, 6, 9)",295,2.3868101997502064e-07,0.00040734685851595705,-6.579853335975044,0.6875739086761132,2024-01-01,2025-08-07
115,"(0, 4, 5, 7, 8)",295,3.0431051884701455e-07,0.00041014902237016584,-6.545571484473679,0.6527386002666026,2024-01-01,2025-06-10
116,"(0, 4, 5, 7, 9)",295,3.1048825648269787e-07,0.00042108783724098704,-6.559606147306196,0.661137642875584,2024-01-01,2025-08-07
117,"(0, 4, 5, 8, 9)",295,2.6649687450220816e-07,0.0004563274470532793,-6.633617878942644,0.5980089340796728,2024-01-01,2025-08-07
118,"(0, 4, 6, 7, 8)",296,3.0093546324322715e-07,0.0004041605165953434,-6.5087263051741875,0.650783229762725,2024-01-01,2025-06-10
119,"(0, 4, 6, 7, 9)",296,3.0661877843926905e-07,0.0004144961207616115,-6.52380270218634,0.6580898414224317,2024-01-01,2025-08-07
120,"(0, 4, 6, 8, 9)",297,2.5698418514763017e-07,0.0004441578829968336,-6.6065337652965095,0.6005589972956986,2024-01-01,2025-08-07
121,"(0, 4, 7, 8, 9)",295,3.208392515766127e-07,0.00045360768763754534,-6.61462067693321,0.6239418313885225,2024-01-01,2025-08-07
122,"(0, 5, 6, 7, 8)",294,3.113234128502227e-07,0.0003962234735928276,-6.541648421748932,0.7069197659263134,2024-01-01,2025-06-10
123,"(0, 5, 6, 7, 9)",294,3.1568694221353697e-07,0.00040528507845463273,-6.557017695051035,0.7144022191724319,2024-01-01,2025-08-07
124,"(0, 5, 6, 8, 9)",295,2.52088226855704e-07,0.0004272718937938836,-6.637488444253571,0.7000022117995462,2024-01-01,2025-08-07
125,"(0, 5, 7, 8, 9)",294,3.2138246255141053e-07,0.0004401367212053733,-6.621061669803859,0.6821381834369273,2024-01-01,2025-08-07
126,"(0, 6, 7, 8, 9)",294,3.1678433514572615e-07,0.0004326350589297187,-6.583949718215677,0.6791560602152117,2024-01-01,2025-08-07
127,"(1, 2, 3, 4, 5)",293,4.284356069160401e-07,0.00038293832836736903,-6.503146144539267,0.8746494362499861,2024-02-28,2024-12-16
128,"(1, 2, 3, 4, 6)",295,4.274605132300101e-07,0.00037889400281731036,-6.461676260728188,0.8594294125687754,2024-02-28,2025-02-13
129,"(1, 2, 3, 4, 7)",294,5.14796431048514e-07,0.00039723253389432173,-6.472778466400688,0.842319290878454,2024-02-28,2025-04-12
130,"(1, 2, 3, 4, 8)",295,4.094333898792667e-07,0.00039746435551364157,-6.572845882055273,0.8648880924549195,2024-02-28,2025-06-10
131,"(1, 2, 3, 4, 9)",294,4.1520286088247816e-07,0.0004077307567529469,-6.590127946075316,0.8772586477689284,2024-02-28,2025-08-07
132,"(1, 2, 3, 5, 6)",294,4.51706354906131e-07,0.00038096063525694835,-6.463002245428848,0.8726442170869406,2024-02-28,2025-02-13
133,"(1, 2, 3, 5, 7)",294,5.431832409018481e-07,0.00040203951981754803,-6.438232040348575,0.8445855362775133,2024-02-28,2025-04-12
134,"(1, 2, 3, 5, 8)",295,4.24197150725378e-07,0.0003924560125025098,-6.546625005089577,0.8693979980424478,2024-02-28,2025-06-10
135,"(1, 2, 3, 5, 9)",294,4.288291010489178e-07,0.0004017386073357153,-6.564819387469317,0.8801358743819914,2024-02-28,2025-08-07
136,"(1, 2, 3, 6, 7)",294,5.493471180269812e-07,0.0004042198893694788,-6.381116315673539,0.8371317518129721,2024-02-28,2025-04-12
137,"(1, 2, 3, 6, 8)",296,4.23458690128906e-07,0.0003875465598342594,-6.5036585467005,0.8571667050598819,2024-02-28,2025-06-10
138,"(1, 2, 3, 6, 9)",295,4.2755197813678827e-07,0.0003960665727952015,-6.523677751540593,0.866594547326079,2024-02-28,2025-08-07
139,"(1, 2, 3, 7, 8)",294,5.091985402977197e-07,0.0004045148577918056,-6.51385964943149,0.8461322778900362,2024-02-28,2025-06-10
140,"(1, 2, 3, 7, 9)",294,5.108481571741031e-07,0.0004118602720068406,-6.531547204820913,0.8502395813830605,2024-02-28,2025-08-07
141,"(1, 2, 3, 8, 9)",294,4.2204159300008936e-07,0.000425540294545631,-6.616179014365045,0.8769064575671509,2024-02-28,2025-08-07
142,"(1, 2, 4, 5, 6)",295,3.1894241039414204e-07,0.0003778843978246079,-6.483945725295516,0.7903845641738196,2024-02-28,2025-02-13
143,"(1, 2, 4, 5, 7)",295,4.0264900173678404e-07,0.0003960583856511166,-6.460774356098671,0.7680436295828199,2024-02-28,2025-04-12
144,"(1, 2, 4, 5, 8)",296,3.1243374648426137e-07,0.00040515272421659917,-6.5575826498344085,0.7629497887263869,2024-02-28,2025-06-10
145,"(1, 2, 4, 5, 9)",295,3.1920191649095614e-07,0.0004163923931421534,-6.57300656667826,0.7860457652627071,2024-02-28,2025-08-07
146,"(1, 2, 4, 6, 7)",296,4.0367926346685004e-07,0.0003940247785838431,-6.415717418213208,0.7525325715302279,2024-02-28,2025-04-12
147,"(1, 2, 4, 6, 8)",298,3.0759897007169027e-07,0.00039703725820731804,-6.524233333061433,0.7375486197201616,2024-02-28,2025-06-10
148,"(1, 2, 4, 6, 9)",297,3.1386341571564853e-07,0.00040769696096699655,-6.540958497361494,0.7556721494981461,2024-02-28,2025-08-07
149,"(1, 2, 4, 7, 8)",296,3.8415803089551565e-07,0.00041058690286770454,-6.534407144614297,0.7529516444604748,2024-02-28,2025-06-10
150,"(1, 2, 4, 7, 9)",296,3.885935237849282e-07,0.00042047578346158783,-6.5492774406061445,0.7599768495600142,2024-02-28,2025-08-07
151,"(1, 2, 4, 8, 9)",296,3.2858688911906366e-07,0.0004494108883363005,-6.624407692330195,0.7447019297192213,2024-02-28,2025-08-07
152,"(1, 2, 5, 6, 7)",294,4.2850857472443745e-07,0.0003961113068730557,-6.4434217530861515,0.7875174604358293,2024-02-28,2025-04-12
153,"(1, 2, 5, 6, 8)",296,3.18259470266924e-07,0.00038873399868283206,-6.550619202494857,0.7955113992573054,2024-02-28,2025-06-10
154,"(1, 2, 5, 6, 9)",295,3.233768099479656e-07,0.0003983505745170967,-6.568292205942296,0.8131369794251417,2024-02-28,2025-08-07
155,"(1, 2, 5, 7, 8)",295,3.997220176614556e-07,0.00040555608066005194,-6.531995689567486,0.7821333375214516,2024-02-28,2025-06-10
156,"(1, 2, 5, 7, 9)",295,4.0284436087913535e-07,0.0004142802609943308,-6.547884760734562,0.7887912632463963,2024-02-28,2025-08-07
157,"(1, 2, 5, 8, 9)",295,3.293586419513279e-07,0.00043556334435229356,-6.625911401050992,0.797858760154245,2024-02-28,2025-08-07
158,"(1, 2, 6, 7, 8)",295,4.0093047786207537e-07,0.00040265042502676823,-6.49157663658678,0.7687350251471557,2024-02-28,2025-06-10
159,"(1, 2, 6, 7, 9)",295,4.035426351329945e-07,0.00041072566269105434,-6.508658123457217,0.7748508557067654,2024-02-28,2025-08-07
160,"(1, 2, 6, 8, 9)",296,3.2315359634551543e-07,0.00042570923693240704,-6.596086582807453,0.7709238247535305,2024-02-28,2025-08-07
161,"(1, 2, 7, 8, 9)",294,3.963726242557436e-07,0.00043820413486115006,-6.600735910025124,0.7875801703678716,2024-02-28,2025-08-07
162,"(1, 3, 4, 5, 6)",294,4.4302375745719564e-07,0.0003761954522371244,-6.4530862806942055,0.8715995294938192,2024-02-28,2025-02-13
163,"(1, 3, 4, 5, 7)",294,5.351098480329531e-07,0.00039774226830625105,-6.427823440122653,0.8427561285664973,2024-02-28,2025-04-12
164,"(1, 3, 4, 5, 8)",295,4.142703184198387e-07,0.0003856298055335712,-6.539024446927765,0.8678365768418077,2024-02-28,2025-06-10
165,"(1, 3, 4, 5, 9)",294,4.187206737996713e-07,0.00039459761977356884,-6.557691886304298,0.8784218344274682,2024-02-28,2025-08-07
166,"(1, 3, 4, 6, 7)",295,5.390735301092159e-07,0.00039920340848865587,-6.373952289126913,0.8343463729846562,2024-02-28,2025-04-12
167,"(1, 3, 4, 6, 8)",297,4.1220512481725577e-07,0.0003806147640593562,-6.499395352347183,0.8536908553770592,2024-02-28,2025-06-10
168,"(1, 3, 4, 6, 9)",296,4.161417870506346e-07,0.0003887964508067247,-6.519813232849493,0.8627977928127789,2024-02-28,2025-08-07
169,"(1, 3, 4, 7, 8)",295,4.9798777551137e-07,0.0003976920741753584,-6.512968604499785,0.8419893783919677,2024-02-28,2025-06-10
170,"(1, 3, 4, 7, 9)",295,4.995188711555298e-07,0.0004048111195654113,-6.530914947639085,0.8459415525242314,2024-02-28,2025-08-07
171,"(1, 3, 4, 8, 9)",295,4.097827029097126e-07,0.0004172079198586959,-6.615925244332131,0.8708662434456289,2024-02-28,2025-08-07
172,"(1, 3, 5, 6, 7)",294,5.739090050987563e-07,0.00040779593662384437,-6.373543547671094,0.8440676733192979,2024-02-28,2025-04-12
173,"(1, 3, 5, 6, 8)",296,4.3299094714864503e-07,0.0003799172542047114,-6.501515099005828,0.8689372811222088,2024-02-28,2025-06-10
174,"(1, 3, 5, 6, 9)",295,4.357515218623844e-07,0.00038706795915514154,-6.523427922750671,0.8773972253571759,2024-02-28,2025-08-07
175,"(1, 3, 5, 7, 8)",295,5.230589258958836e-07,0.00040016778051374683,-6.481179630515367,0.8452787680757405,2024-02-28,2025-06-10
176,"(1, 3, 5, 7, 9)",295,5.232720613767911e-07,0.00040616864887369093,-6.500896201225257,0.8489904395447418,2024-02-28,2025-08-07
177,"(1, 3, 5, 8, 9)",295,4.2011404885473734e-07,0.0004091495477528995,-6.592817177817568,0.8756614536241901,2024-02-28,2025-08-07
178,"(1, 3, 6, 7, 8)",295,5.280285066375085e-07,0.0004007999575403305,-6.427174062178144,0.8382083007308371,2024-02-28,2025-06-10
179,"(1, 3, 6, 7, 9)",295,5.277636093740217e-07,0.00040612910460591527,-6.448597690759414,0.8416906385301534,2024-02-28,2025-08-07
180,"(1, 3, 6, 8, 9)",296,4.1756731871792105e-07,0.0004025090004732492,-6.553195432996286,0.862670333058733,2024-02-28,2025-08-07
181,"(1, 3, 7, 8, 9)",294,4.996324998017508e-07,0.0004174071345100024,-6.563655593175146,0.8521420546443363,2024-02-28,2025-08-07
182,"(1, 4, 5, 6, 7)",294,4.1736329353111375e-07,0.0003893934237581347,-6.399439403499535,0.785501002647493,2024-02-28,2025-04-12
183,"(1, 4, 5, 6, 8)",296,3.0563039058701983e-07,0.00037969117587142634,-6.515781511793802,0.7933893050051335,2024-02-28,2025-06-10
184,"(1, 4, 5, 6, 9)",295,3.105896376460782e-07,0.00038904580338263583,-6.534374878463116,0.8105919286846124,2024-02-28,2025-08-07
185,"(1, 4, 5, 7, 8)",295,3.875743592542559e-07,0.0003967952407376007,-6.495600020131279,0.7781246237944603,2024-02-28,2025-06-10
186,"(1, 4, 5, 7, 9)",295,3.905761654950087e-07,0.0004051915178368188,-6.512603153676487,0.7845791969776426,2024-02-28,2025-08-07
187,"(1, 4, 5, 8, 9)",295,3.155281599409498e-07,0.0004252776584113789,-6.597122682426531,0.7915025826557563,2024-02-28,2025-08-07
188,"(1, 4, 6, 7, 8)",296,3.874917744544382e-07,0.00039376417386706734,-6.452579178421157,0.7621640595362396,2024-02-28,2025-06-10
189,"(1, 4, 6, 7, 9)",296,3.900208099235128e-07,0.0004015093292883088,-6.470887101037678,0.7679810279711219,2024-02-28,2025-08-07
190,"(1, 4, 6, 8, 9)",297,3.0908687614860507e-07,0.00041567858667711824,-6.56589315583157,0.7606569362942651,2024-02-28,2025-08-07
191,"(1, 4, 7, 8, 9)",295,3.821440763498584e-07,0.0004278406282344615,-6.575872756528485,0.7753034278170863,2024-02-28,2025-08-07
192,"(1, 5, 6, 7, 8)",294,4.0880075766723326e-07,0.0003930196384853435,-6.493545636594133,0.799761134802235,2024-02-28,2025-06-10
193,"(1, 5, 6, 7, 9)",294,4.100453454808169e-07,0.0003995427307898469,-6.512021062145539,0.8055853020207094,2024-02-28,2025-08-07
194,"(1, 5, 6, 8, 9)",295,3.150802104260644e-07,0.0004041224256200771,-6.602778368491974,0.8226272679651547,2024-02-28,2025-08-07
195,"(1, 5, 7, 8, 9)",294,3.931166492127339e-07,0.00041952122699660555,-6.5857622659414075,0.8057812153207391,2024-02-28,2025-08-07
196,"(1, 6, 7, 8, 9)",294,3.923954687766958e-07,0.0004150534267230538,-6.541486244068235,0.7904409361803088,2024-02-28,2025-08-07
197,"(2, 3, 4, 5, 6)",294,3.1371759618021584e-07,0.000372212585966197,-6.529868873414372,0.8868403223841644,2024-04-26,2025-02-13
198,"(2, 3, 4, 5, 7)",294,3.930962409402884e-07,0.0003885386636586766,-6.50742198276219,0.8472799573615691,2024-04-26,2025-04-12
199,"(2, 3, 4, 5, 8)",295,3.197618149266093e-07,0.00040803157799144984,-6.598080737335083,0.8744106451775755,2024-04-26,2025-06-10
200,"(2, 3, 4, 5, 9)",294,3.280653645370487e-07,0.00042013012835187964,-6.6125850795965455,0.8918010306131665,2024-04-26,2025-08-07
201,"(2, 3, 4, 6, 7)",295,3.921959118222687e-07,0.0003847674431222257,-6.466035628890527,0.8359353972194297,2024-04-26,2025-04-12
202,"(2, 3, 4, 6, 8)",297,3.129474168518152e-07,0.00039832514193755036,-6.567258463291012,0.8538717128946453,2024-04-26,2025-06-10
203,"(2, 3, 4, 6, 9)",296,3.2074995319399913e-07,0.00040995483504983557,-6.582890700072127,0.8682766489902118,2024-04-26,2025-08-07
204,"(2, 3, 4, 7, 8)",295,3.849937699052514e-07,0.00041047994815557987,-6.576094776643481,0.8408052129224469,2024-04-26,2025-06-10
205,"(2, 3, 4, 7, 9)",295,3.911492023144921e-07,0.00042164927536474046,-6.590054573095219,0.8462807593617012,2024-04-26,2025-08-07
206,"(2, 3, 4, 8, 9)",295,3.4762636666779654e-07,0.00045907339700529404,-6.661018926885738,0.8753052378176522,2024-04-26,2025-08-07
207,"(2, 3, 5, 6, 7)",294,4.110864794170835e-07,0.0003831343514748861,-6.465655663197872,0.8524236000362082,2024-04-26,2025-04-12
208,"(2, 3, 5, 6, 8)",296,3.1804051454025304e-07,0.0003872192954006039,-6.569373223024186,0.8789594045702948,2024-04-26,2025-06-10
209,"(2, 3, 5, 6, 9)",295,3.2469903429903157e-07,0.0003980289329756816,-6.586092718901916,0.8922853732415529,2024-04-26,2025-08-07
210,"(2, 3, 5, 7, 8)",295,3.9476375510746306e-07,0.0004022831313842779,-6.550450399284923,0.8476838200532056,2024-04-26,2025-06-10
211,"(2, 3, 5, 7, 9)",295,3.995929266536632e-07,0.00041240154841645446,-6.565711008092149,0.8527095136210806,2024-04-26,2025-08-07
212,"(2, 3, 5, 8, 9)",295,3.432100422074542e-07,0.00044275948771432404,-6.641733546392346,0.8842041164460517,2024-04-26,2025-08-07
213,"(2, 3, 6, 7, 8)",295,3.938568990080981e-07,0.00039759666975398584,-6.5077059157513615,0.8389333772740248,2024-04-26,2025-06-10
214,"(2, 3, 6, 7, 9)",295,3.981549923370897e-07,0.0004071048953709983,-6.524239221293201,0.8434916643999427,2024-04-26,2025-08-07
215,"(2, 3, 6, 8, 9)",296,3.347741300466156e-07,0.00043095526428220697,-6.610098313049116,0.8655904576688168,2024-04-26,2025-08-07
216,"(2, 3, 7, 8, 9)",294,4.030935764036463e-07,0.0004417673121152643,-6.61544383003315,0.8538029384122447,2024-04-26,2025-08-07
217,"(2, 4, 5, 6, 7)",295,2.8931415126095884e-07,0.0003870703720146749,-6.485828809275706,0.7373837192969935,2024-04-26,2025-04-12
218,"(2, 4, 5, 6, 8)",297,2.250592789912854e-07,0.0004083416207306885,-6.5789636804274805,0.7002491331168511,2024-04-26,2025-06-10
219,"(2, 4, 5, 6, 9)",296,2.33829602585406e-07,0.00042049434123364745,-6.593178053988035,0.7301452288245166,2024-04-26,2025-08-07
220,"(2, 4, 5, 7, 8)",296,2.936734039586133e-07,0.00042087512184519954,-6.5607076011176035,0.694749207888044,2024-04-26,2025-06-10
221,"(2, 4, 5, 7, 9)",296,3.0132524709323e-07,0.0004327353418913598,-6.573724134628928,0.7051493084103734,2024-04-26,2025-08-07
222,"(2, 4, 5, 8, 9)",296,2.72543410733072e-07,0.00047652546311117663,-6.642780021764447,0.6068801283890526,2024-04-26,2025-08-07
223,"(2, 4, 6, 7, 8)",297,2.8863147589727933e-07,0.00041318248596860705,-6.526972275807001,0.6811367175999106,2024-04-26,2025-06-10
224,"(2, 4, 6, 7, 9)",297,2.957773939994155e-07,0.00042460063610834164,-6.5409299692043,0.6897742449631731,2024-04-26,2025-08-07
225,"(2, 4, 6, 8, 9)",298,2.6143008256692403e-07,0.000462927931564586,-6.61787435153093,0.5964254480333001,2024-04-26,2025-08-07
226,"(2, 4, 7, 8, 9)",296,3.2055748493241105e-07,0.00047078069732545293,-6.623666944713915,0.6572566038923257,2024-04-26,2025-08-07
227,"(2, 5, 6, 7, 8)",295,2.9402086859766757e-07,0.0004017837240164911,-6.5509623580494685,0.7543413324649225,2024-04-26,2025-06-10
228,"(2, 5, 6, 7, 9)",295,2.998251081440478e-07,0.00041237095352453733,-6.565442209437904,0.763062881960713,2024-04-26,2025-08-07
229,"(2, 5, 6, 8, 9)",296,2.515123834485648e-07,0.00044343649584088583,-6.641897557591709,0.7434391000804002,2024-04-26,2025-08-07
230,"(2, 5, 7, 8, 9)",295,3.1627357734283957e-07,0.00045437470513993473,-6.624189971136358,0.7338995680839714,2024-04-26,2025-08-07
231,"(2, 6, 7, 8, 9)",295,3.095383754516628e-07,0.0004447050627161746,-6.604430883606348,0.7202603701190758,2024-04-26,2025-08-07
232,"(3, 4, 5, 6, 7)",293,4.031547304155917e-07,0.00037786757657106335,-6.481882538304255,0.8563611223104489,2024-06-24,2025-04-12
233,"(3, 4, 5, 6, 8)",295,3.0767186315272526e-07,0.000379537233078693,-6.583170006897232,0.8873072581272454,2024-06-24,2025-06-10
234,"(3, 4, 5, 6, 9)",294,3.141311020783489e-07,0.0003901684810305761,-6.59950314259577,0.901062258868936,2024-06-24,2025-08-07
235,"(3, 4, 5, 7, 8)",294,3.853412411653601e-07,0.00039506870198532853,-6.564902707575284,0.8533636911225382,2024-06-24,2025-06-10
236,"(3, 4, 5, 7, 9)",294,3.8998873538789993e-07,0.0004048808954295063,-6.579554720778005,0.8585750747397484,2024-06-24,2025-08-07
237,"(3, 4, 5, 8, 9)",294,3.3097378846433916e-07,0.00043404610167277745,-6.653633116257918,0.8965455039696442,2024-06-24,2025-08-07
238,"(3, 4, 6, 7, 8)",295,3.833758517170518e-07,0.00039037080733061986,-6.525973120636414,0.8413284932080486,2024-06-24,2025-06-10
239,"(3, 4, 6, 7, 9)",295,3.8754036568964034e-07,0.0003996603030876057,-6.54175113527351,0.8459380619058263,2024-06-24,2025-08-07
240,"(3, 4, 6, 8, 9)",296,3.226135428480201e-07,0.000422848998028368,-6.625005456733716,0.8714603259005866,2024-06-24,2025-08-07
241,"(3, 4, 7, 8, 9)",294,3.9134594262283446e-07,0.00043366234630950394,-6.635066539615276,0.8572957620588684,2024-06-24,2025-08-07
242,"(3, 5, 6, 7, 8)",294,3.990784842214452e-07,0.0003862122785119954,-6.52885571356249,0.8587328770462384,2024-06-24,2025-06-10
243,"(3, 5, 6, 7, 9)",294,4.0192959194597365e-07,0.0003941715181021754,-6.54551194197866,0.8632525268798023,2024-06-24,2025-08-07
244,"(3, 5, 6, 8, 9)",295,3.234262250190951e-07,0.00040883287410885635,-6.630177508630409,0.8969856703685153,2024-06-24,2025-08-07
245,"(3, 5, 7, 8, 9)",294,3.969039294861247e-07,0.0004228460205246667,-6.613516390279298,0.8629970603985552,2024-06-24,2025-08-07
246,"(3, 6, 7, 8, 9)",294,3.941559143986605e-07,0.0004164342663066372,-6.574466679203184,0.8531409125198116,2024-06-24,2025-08-07
247,"(4, 5, 6, 7, 8)",294,2.815242210048699e-07,0.00039216125826053836,-6.5388090137006065,0.7637776085861737,2024-08-21,2025-06-10
248,"(4, 5, 6, 7, 9)",294,2.871764835588554e-07,0.0004025781830874666,-6.553670106780426,0.7727684347060588,2024-08-21,2025-08-07
249,"(4, 5, 6, 8, 9)",295,2.3655912823126796e-07,0.00043283716645691215,-6.632553661588202,0.7662630287576947,2024-08-21,2025-08-07
250,"(4, 5, 7, 8, 9)",294,3.022176346832654e-07,0.0004439391057028676,-6.614805800551642,0.7468389919004285,2024-08-21,2025-08-07
251,"(4, 6, 7, 8, 9)",295,2.9554725366519875e-07,0.00043479602524865244,-6.593314475071553,0.724351112695809,2024-08-21,2025-08-07
252,"(5, 6, 7, 8, 9)",293,2.965625270390016e-07,0.0004207176452361709,-6.619182163834116,0.8014560084284973,2024-10-19,2025-08-07
